Customer Name,Mobile No,City,Category,Remarks,Dress,Master,Unit,Lambai,Kandha,Bazu,Seena,Seena Losing,Kamar,Kamar Losing,Hip,Hip Losing,Gala,Ghera,Patti,Button,Cuff,Kohni,Elbow,Arm Hole,Takai,Shalwar Length,Paincha,Joined On
Adnan Shaikh,0300 3421876,Larkana,Regular,Loose fitting pasand hai,Kurta,Master Shahid Ali,in,43.8,18.2,24.3,40.5,1.4,36.1,1.9,40.3,1.3,16.1,28.5,2.1,6,10.0,13.9,14.1,21.2,2.2,38.1,8.3,01/01/2024
Fatima Memon,0321 7654321,Sukkur,Premium,,Shalwar Kameez,Master Ghulam Rasool,in,41.8,18.1,25.0,37.9,2.0,35.9,2.3,37.0,2.0,16.5,26.3,1.8,6,10.0,13.6,14.3,20.1,2.3,39.4,7.2,02/02/2025
Bilal Qureshi,0333 9087456,Larkana,Regular,,Pant Coat,Master Ghulam Rasool,in,44.7,19.1,22.5,40.0,1.4,35.6,2.8,40.5,1.9,17.4,26.0,1.6,6,8.4,13.2,13.3,20.1,2.0,40.1,9.3,03/03/2024
Sana Jatoi,0345 2210987,Shikarpur,VIP,Bridal work,Shalwar Kameez,Master Abdul Sattar,in,41.9,18.7,23.1,43.1,2.0,42.1,3.0,44.0,2.5,15.8,25.9,1.9,5,8.0,13.7,14.9,21.1,3.5,38.1,7.5,04/04/2025
Imran Abro,0301 5567123,Larkana,Regular,,Pant Coat,Master Ghulam Rasool,in,39.1,18.5,25.0,36.4,1.8,34.8,1.1,37.2,1.4,16.4,24.1,1.9,6,8.9,13.9,13.7,21.0,3.3,38.9,7.4,05/05/2024
Hina Bhutto,0312 8890234,Karachi,Premium,Urgent orders,Shalwar Kameez,Master Abdul Sattar,in,42.3,18.7,23.7,43.3,2.0,41.7,1.2,44.8,1.1,14.8,26.6,1.8,6,9.4,12.1,14.6,21.1,2.4,38.9,8.8,06/06/2025
Kashif Soomro,0336 4451209,Larkana,Regular,,Shalwar Kameez,Master Abdul Sattar,in,42.7,17.7,25.3,38.3,1.4,35.1,1.0,40.7,1.5,15.8,24.3,1.7,5,9.1,13.9,12.7,19.5,2.7,39.7,8.8,07/07/2024
Ayesha Lashari,0308 7712340,Hyderabad,Regular,,Waistcoat,Master Abdul Sattar,in,41.1,17.8,22.6,41.9,2.2,37.2,1.1,42.8,1.1,15.4,24.7,1.6,5,9.1,13.3,14.8,21.6,3.1,42.0,9.3,08/08/2025
Naveed Chandio,0347 1123456,Sukkur,Premium,,Shalwar Kameez,Master Ghulam Rasool,in,41.5,19.0,25.1,42.9,2.1,38.3,2.2,45.4,1.8,16.2,27.0,1.6,6,8.2,12.1,13.5,20.2,3.4,41.5,8.1,09/09/2024
Zubair Mirani,0302 6678901,Larkana,Regular,Purana customer,Kurta,Master Ghulam Rasool,in,39.5,17.1,25.4,41.2,1.2,38.1,2.6,41.4,2.3,16.0,28.5,1.9,5,9.4,12.0,12.9,22.2,3.0,40.2,9.2,10/10/2025
Rabia Khoso,0331 2234567,Shikarpur,Regular,,Shalwar Kameez,Master Shahid Ali,in,43.8,19.3,25.1,42.7,1.8,40.9,2.2,43.4,1.6,14.9,26.5,2.3,5,9.4,13.9,13.2,19.6,2.7,39.4,7.5,11/11/2024
Faisal Panhwar,0344 8801234,Larkana,VIP,Sherwani specialist,Kurta,Master Shahid Ali,in,44.0,19.5,23.9,42.3,1.1,39.3,1.1,42.6,2.7,14.6,27.5,2.1,5,9.3,12.9,14.1,20.4,2.3,41.8,7.7,12/12/2025
Nadia Solangi,0313 5590876,Karachi,Regular,,Pant Coat,Master Abdul Sattar,in,39.7,18.3,24.4,44.0,1.7,39.1,1.2,43.5,1.4,17.0,25.3,2.2,5,9.1,11.6,13.1,21.7,2.8,42.7,8.3,13/01/2024
Shahid Magsi,0305 3345678,Jacobabad,Regular,,Pant Coat,Master Abdul Sattar,in,39.5,19.3,24.7,39.9,1.3,35.7,1.9,42.5,2.3,17.2,25.9,2.1,6,9.6,13.9,13.7,21.3,2.3,41.6,9.0,14/02/2025
Uzma Talpur,0322 9912345,Hyderabad,Premium,,Sherwani,Master Ghulam Rasool,in,44.9,18.3,24.9,38.1,1.6,33.5,2.8,41.0,2.7,15.5,24.4,1.9,6,8.8,12.2,14.8,19.8,3.3,40.1,7.1,15/03/2024
Asif Bhatti,0349 4456789,Larkana,Regular,,Waistcoat,Master Naeem Ahmed,in,45.0,19.3,24.1,42.9,2.4,38.2,1.9,43.8,2.8,16.2,27.4,2.3,5,9.1,12.2,14.3,21.2,2.8,42.2,8.4,16/04/2025
Mehwish Junejo,0316 7723456,Sukkur,Regular,,Shalwar Kameez,Master Shahid Ali,in,40.8,17.4,24.1,45.5,1.5,41.0,2.0,46.9,1.8,14.8,24.0,1.9,6,9.9,12.8,13.5,21.8,2.8,40.5,8.7,17/05/2024
Tariq Wagan,0303 4980786,Larkana,VIP,Shop ke saamne wala,Shalwar Kameez,Master Shahid Ali,in,40.6,18.2,22.9,40.1,1.9,35.3,2.6,42.8,2.8,15.9,25.6,1.7,6,8.1,12.2,14.3,22.4,2.1,38.8,7.0,18/06/2025
Saima Dahri,0334 1189023,Larkana,Regular,,Shalwar Kameez,Master Naeem Ahmed,in,42.0,18.5,25.1,43.2,2.2,41.2,2.4,44.2,2.4,17.1,24.1,2.1,6,9.2,12.8,14.7,20.9,2.3,39.1,8.4,19/07/2024
Junaid Bughio,0307 6634512,Shikarpur,Regular,Slim fit,Waistcoat,Master Abdul Sattar,in,44.4,17.8,23.4,38.3,2.8,34.3,1.4,40.5,3.0,17.2,24.7,1.7,6,8.2,12.5,13.6,22.3,2.8,41.5,7.5,20/08/2025
